,year,quarter,market,internal_class,internal_industry,leasedSF,availability_proportion,internal_class_rent,overall_rent,rent_growth,availability_growth
15,2018,Q1,Atlanta,O,"Technology, Advertising, Media, and Information",31230.333333333332,0.19341896603683698,18.5608857860524,24.3456893335581,,0.0
343,2018,Q2,Atlanta,O,"Technology, Advertising, Media, and Information",2583.0,0.1875111683681,20.2190604318338,26.0678750972516,8.933704268723197,-3.054404534254318
989,2018,Q4,Atlanta,O,"Technology, Advertising, Media, and Information",39750.0,0.177049987446017,20.9968023073047,26.4885667259604,3.846577728440792,-5.578964182841018
1690,2019,Q2,Atlanta,O,"Technology, Advertising, Media, and Information",48868.0,0.170976487059943,20.72274351261,26.9054257174279,-1.3052406298999064,-3.4303873576527755
2458,2019,Q4,Atlanta,O,"Technology, Advertising, Media, and Information",22526.0,0.175305879407879,21.7484374596371,28.1602658391509,4.949604990299461,2.532156568650379
2807,2020,Q1,Atlanta,O,"Technology, Advertising, Media, and Information",16493.0,0.179720113608449,21.7165559588615,28.7401750024582,-0.14659214407826138,2.518018343411943
4120,2021,Q1,Atlanta,O,"Technology, Advertising, Media, and Information",34594.5,0.22449023429628,23.3180835939332,29.6769849417619,7.374685185374408,24.911024030048388
4453,2021,Q2,Atlanta,O,"Technology, Advertising, Media, and Information",9957.25,0.22015510014211,23.2741481255332,29.5480066949301,-0.1884180070931385,-1.9311014431249274
5155,2021,Q4,Atlanta,O,"Technology, Advertising, Media, and Information",32930.0,0.215049419349419,23.7443020183381,30.239219157623,2.0200691783391678,-2.3191290092281713
6245,2022,Q3,Atlanta,O,"Technology, Advertising, Media, and Information",30245.0,0.188026048104088,23.7007017494582,30.5982520987174,-0.18362413368152586,-12.566121465049207
6614,2022,Q4,Atlanta,O,"Technology, Advertising, Media, and Information",4213.0,0.198665826902961,23.9018888665552,30.7206888357521,0.8488656547968931,5.658672777605278
7756,2023,Q3,Atlanta,O,"Technology, Advertising, Media, and Information",8565.0,0.201837492728208,24.6448862079949,31.3075410708372,3.1085298136388717,1.59648283486431
8153,2023,Q4,Atlanta,O,"Technology, Advertising, Media, and Information",17816.0,0.203234087830221,24.611690929653,32.4819298800931,-0.1346943867451489,0.6919403739788166
9343,2024,Q3,Atlanta,O,"Technology, Advertising, Media, and Information",7688.0,0.220723944030936,24.9352769365695,32.5692065343474,1.3147654415188281,8.605769035815381
996,2018,Q4,Austin,O,"Technology, Advertising, Media, and Information",50000.0,0.129428892844248,30.3317314214077,35.5302277674249,,0.0
1349,2019,Q1,Austin,O,"Technology, Advertising, Media, and Information",56466.0,0.115818437630573,30.2142872199906,36.0102238858244,-0.3871991340863912,-10.515778134680886
1702,2019,Q2,Austin,O,"Technology, Advertising, Media, and Information",6780.5,0.118729320497142,30.7147950599793,36.2009202973452,1.6565270474345306,2.5133156051144967
2091,2019,Q3,Austin,O,"Technology, Advertising, Media, and Information",15754.0,0.121301736989976,33.5368980712574,37.4372063764514,9.188089993005487,2.1666227702330065
3497,2020,Q3,Austin,O,"Technology, Advertising, Media, and Information",36128.0,0.172780760760559,34.4760303268673,39.4194884332467,2.800295524095553,42.4388183120882
3816,2020,Q4,Austin,O,"Technology, Advertising, Media, and Information",88787.0,0.178658081168623,34.4823452776102,39.02713470753,0.01831693116354227,3.4016058166388197
4130,2021,Q1,Austin,O,"Technology, Advertising, Media, and Information",40000.0,0.190003647867451,35.5640383446462,44.6055259091035,3.1369474968350186,6.350435773526364
4801,2021,Q3,Austin,O,"Technology, Advertising, Media, and Information",30626.0,0.178353894230091,35.7474308918446,45.2369965172462,0.5156685116048054,-6.131331565532383
5166,2021,Q4,Austin,O,"Technology, Advertising, Media, and Information",32437.0,0.193003927152906,35.5413889205684,44.4476011940476,-0.5763825990728888,8.214024698510535
5896,2022,Q2,Austin,O,"Technology, Advertising, Media, and Information",30654.0,0.187523895411996,36.4733248400138,44.1083990940046,2.622114519857921,-2.839336909745105
6252,2022,Q3,Austin,O,"Technology, Advertising, Media, and Information",20450.0,0.203044399482258,36.7548918674379,44.9489854762547,0.7719806972880994,8.27654738942094
6976,2023,Q1,Austin,O,"Technology, Advertising, Media, and Information",18514.0,0.199459166584713,35.0694818397261,46.2124332085802,-4.585539344777512,-1.7657383836673035
7766,2023,Q3,Austin,O,"Technology, Advertising, Media, and Information",17837.0,0.205477041285718,34.7878618263852,46.6647215721335,-0.8030344292737301,3.0170960823949544
8161,2023,Q4,Austin,O,"Technology, Advertising, Media, and Information",10612.666666666666,0.202307000678095,35.1793665731047,46.07299917460741,1.125406179527122,-1.542771196133308
8548,2024,Q1,Austin,O,"Technology, Advertising, Media, and Information",23227.0,0.203664613020802,34.5581003503426,46.3461848183252,-1.7659960462081514,0.6710654293506924
9349,2024,Q3,Austin,O,"Technology, Advertising, Media, and Information",2341.0,0.210139516758709,34.3003953446806,46.5241772824577,-0.7457151957122599,3.1791991951226617
9805,2024,Q4,Austin,O,"Technology, Advertising, Media, and Information",15638.75,0.205,34.28,46.38,-0.05946096094709974,-2.4457640514184864
692,2018,Q3,Baltimore,O,"Technology, Advertising, Media, and Information",28000.0,0.166325987826659,20.8274214393794,23.5329756030893,,0.0
2107,2019,Q3,Baltimore,O,"Technology, Advertising, Media, and Information",44523.0,0.145068730296672,20.5433597954599,24.1511016122098,-1.3638829211109704,-12.780478750044043
2825,2020,Q1,Baltimore,O,"Technology, Advertising, Media, and Information",34904.5,0.139190585032061,20.2232660589701,24.0218042999398,-1.5581372262220672,-4.051972642615631
3825,2020,Q4,Baltimore,O,"Technology, Advertising, Media, and Information",16442.0,0.138983469182615,20.4192387904543,24.2956054090061,0.9690459044189748,-0.1488001860170951
4470,2021,Q2,Baltimore,O,"Technology, Advertising, Media, and Information",42513.0,0.150101315684634,20.7804443907504,24.5183242690784,1.7689474323840049,7.999402063716565
4813,2021,Q3,Baltimore,O,"Technology, Advertising, Media, and Information",2100.0,0.145339553205052,21.0256174332842,24.4632132340167,1.1798257916126653,-3.1723655837811227
5554,2022,Q1,Baltimore,O,"Technology, Advertising, Media, and Information",42696.0,0.15047563015811,21.3944383257751,24.6731280232642,1.7541501155016848,3.5338466644463606
6631,2022,Q4,Baltimore,O,"Technology, Advertising, Media, and Information",25104.0,0.130666835087984,20.9827403989108,23.7980323453553,-1.9243222027862439,-13.164121691540497
8555,2024,Q1,Baltimore,O,"Technology, Advertising, Media, and Information",28753.0,0.133884171230204,21.3191023958811,23.9313215215301,1.6030413119334952,2.462243873936054
8919,2024,Q2,Baltimore,O,"Technology, Advertising, Media, and Information",34400.0,0.133809138410306,21.2624141268781,23.9163400896575,-0.26590363867267097,-0.05604308501038213
9366,2024,Q3,Baltimore,O,"Technology, Advertising, Media, and Information",40419.5,0.136775170537233,21.2663824127637,24.1044632943834,0.018663383479977647,2.2166140236491882
9815,2024,Q4,Baltimore,O,"Technology, Advertising, Media, and Information",900.0,0.139,21.09,24.14,-0.8293954718779029,1.626632563518804
41,2018,Q1,Boston,O,"Technology, Advertising, Media, and Information",2952.0,0.124679231366604,20.1477247904417,32.409955936499,,0.0
367,2018,Q2,Boston,O,"Technology, Advertising, Media, and Information",35980.5,0.131406596939551,21.9669104443961,35.2171633843862,9.029236168728305,5.395738728261823
703,2018,Q3,Boston,O,"Technology, Advertising, Media, and Information",2466.0,0.130862404953493,21.9502817389666,31.3996394787049,-0.07569888114941081,-0.41412836092875605
1367,2019,Q1,Boston,O,"Technology, Advertising, Media, and Information",165000.0,0.12332483699885,19.0675026613412,29.9110670959754,-13.133221303979104,-5.759918562800193
1730,2019,Q2,Boston,O,"Technology, Advertising, Media, and Information",32432.0,0.122541426734944,23.0134597969556,34.3251786655952,20.694672006600577,-0.6352412725372569
2118,2019,Q3,Boston,O,"Technology, Advertising, Media, and Information",71891.0,0.116003913843902,22.7350444098138,32.558627393249,-1.209793701591244,-5.334941060530152
2488,2019,Q4,Boston,O,"Technology, Advertising, Media, and Information",8476.0,0.126597147994209,22.3951643265889,33.0167395469807,-1.494961158194108,9.131790298525221
2836,2020,Q1,Boston,O,"Technology, Advertising, Media, and Information",52632.5,0.137153828044446,23.4889982743603,39.0574512639377,4.884241668513822,8.338797688175315
3197,2020,Q2,Boston,O,"Technology, Advertising, Media, and Information",49024.0,0.136256842284251,24.1164821933752,39.8654309768449,2.6713949725980513,-0.6539997993379565
3523,2020,Q3,Boston,O,"Technology, Advertising, Media, and Information",12039.5,0.141614768986825,24.4065770618756,40.4329649009289,1.2028904803540685,3.932225797069777
3835,2020,Q4,Boston,O,"Technology, Advertising, Media, and Information",8837.5,0.151469409526849,23.9036486415708,39.4681479875009,-2.0606266049916444,6.958766102242353
4157,2021,Q1,Boston,O,"Technology, Advertising, Media, and Information",10503.0,0.157345075203708,23.199018083191,38.3950543239752,-2.947794995423325,3.8791104390074826
4481,2021,Q2,Boston,O,"Technology, Advertising, Media, and Information",36043.5,0.15412578747204,23.6193135280877,38.5375891538889,1.811694975147371,-2.046004762144682
4825,2021,Q3,Boston,O,"Technology, Advertising, Media, and Information",2698.0,0.147824288477654,22.6923184233417,38.4923514477018,-3.924733475609421,-4.088542934795491
5189,2021,Q4,Boston,O,"Technology, Advertising, Media, and Information",18962.0,0.14662991092351,22.8310025028863,40.0078893655757,0.6111498920354785,-0.8079711165493331
5569,2022,Q1,Boston,O,"Technology, Advertising, Media, and Information",10717.0,0.143692159087024,21.8366219004136,38.8617171897006,-4.3553961432354455,-2.003514711277743
5914,2022,Q2,Boston,O,"Technology, Advertising, Media, and Information",3500.0,0.147258476866046,23.0999970560079,43.4228293780424,5.7855796622570566,2.4819153680209816
7002,2023,Q1,Boston,O,"Technology, Advertising, Media, and Information",11255.0,0.150619745136593,29.460654458983,44.998103399073,27.535316942046116,2.282563518298897
7361,2023,Q2,Boston,O,"Technology, Advertising, Media, and Information",8315.2,0.146827329428783,31.310963097280002,45.8015512823211,6.280609417123162,-2.51787420325984
7791,2023,Q3,Boston,O,"Technology, Advertising, Media, and Information",102000.0,0.14843689381739,32.0089692211111,45.1751774571462,2.229270692384855,1.0962294246370075
8188,2023,Q4,Boston,O,"Technology, Advertising, Media, and Information",10400.0,0.153163302738552,31.7644097809771,46.4518311394592,-0.7640341007067009,3.1841200658486724
8565,2024,Q1,Boston,O,"Technology, Advertising, Media, and Information",6650.0,0.157717813243088,31.725984443156,45.9914618144516,-0.12096978374870337,2.9736303821487287
8936,2024,Q2,Boston,O,"Technology, Advertising, Media, and Information",39124.5,0.159286758979347,32.8303864586869,47.9903732537181,3.48106460655202,0.9947803003334865
9828,2024,Q4,Boston,O,"Technology, Advertising, Media, and Information",100502.0,0.158,31.070000000000004,50.39000000000001,-5.362064381734077,-0.8078254511499128
1379,2019,Q1,Charlotte,O,"Technology, Advertising, Media, and Information",61121.0,0.108813787295926,22.5502932925274,27.7854535428581,,0.0
1746,2019,Q2,Charlotte,O,"Technology, Advertising, Media, and Information",1839.0,0.106751383486112,23.0988677569748,28.1455057090784,2.43267108472236,-1.8953515552263211
3207,2020,Q2,Charlotte,O,"Technology, Advertising, Media, and Information",30572.0,0.111411455772455,25.8512087538906,30.7699509243613,11.91548012601058,4.365350718802863
5580,2022,Q1,Charlotte,O,"Technology, Advertising, Media, and Information",16790.0,0.149916986832514,25.7460651108828,31.4522484769303,-0.4067262154307416,34.56155454848566
6650,2022,Q4,Charlotte,O,"Technology, Advertising, Media, and Information",12400.0,0.204242076869296,27.4769091942315,32.3945933027788,6.722751907502467,36.23678089092968
7803,2023,Q3,Charlotte,O,"Technology, Advertising, Media, and Information",12290.0,0.20243325837337,27.4908091900533,32.597622684343,0.05058791628833603,-0.8856248054525673
8200,2023,Q4,Charlotte,O,"Technology, Advertising, Media, and Information",20933.0,0.217445071905549,27.3491761467852,32.4429791793529,-0.5152014343737354,7.415685373443437
8576,2024,Q1,Charlotte,O,"Technology, Advertising, Media, and Information",4737.0,0.217656958441103,27.5064589066674,32.7145839531553,0.5750913996021456,0.09744370552855486
9388,2024,Q3,Charlotte,O,"Technology, Advertising, Media, and Information",4057.0,0.226383515358679,28.146821482452,33.2420123164199,2.3280443984353694,4.009316761603743
84,2018,Q1,Chicago Suburbs,O,"Technology, Advertising, Media, and Information",2277.0,0.263426491537571,19.6066862272914,23.1447656290899,,0.0
1406,2019,Q1,Chicago Suburbs,O,"Technology, Advertising, Media, and Information",25763.0,0.273455713282174,19.9886766653297,24.0479540495953,1.9482661863920114,3.8072183576011387
4521,2021,Q2,Chicago Suburbs,O,"Technology, Advertising, Media, and Information",16000.0,0.294650105398731,20.3998933335688,24.3118205797648,2.0572480866247522,7.750575719252528
4865,2021,Q3,Chicago Suburbs,O,"Technology, Advertising, Media, and Information",21738.0,0.295554330886756,20.3227711142428,24.1589449764615,-0.37805207147378894,0.30688110116281475
5955,2022,Q2,Chicago Suburbs,O,"Technology, Advertising, Media, and Information",283000.0,0.278841967732371,21.2760299676636,25.5328189957745,4.69059484094041,-5.654582392429375
8986,2024,Q2,Chicago Suburbs,O,"Technology, Advertising, Media, and Information",6404.5,0.271592978399751,22.2891381939009,27.3620107521311,4.761735285093471,-2.5996765808142364
9424,2024,Q3,Chicago Suburbs,O,"Technology, Advertising, Media, and Information",13977.0,0.273285705322178,22.0696163703652,27.1199277785149,-0.984882509256324,0.6232587206048912
9871,2024,Q4,Chicago Suburbs,O,"Technology, Advertising, Media, and Information",12155.0,0.265,22.71,27.71,2.90165274687193,-3.031883907872135
2560,2019,Q4,Detroit,O,"Technology, Advertising, Media, and Information",16097.0,0.20165913867545,18.403363461952,20.225982384794,,0.0
2917,2020,Q1,Detroit,O,"Technology, Advertising, Media, and Information",34287.0,0.203050356452073,18.0768370773019,20.0982292657487,-1.7742755845972291,0.6898858071897385
5272,2021,Q4,Detroit,O,"Technology, Advertising, Media, and Information",10400.0,0.211924814238163,19.5381177927032,20.599708936079,8.083719010977596,4.370569912387556
6352,2022,Q3,Detroit,O,"Technology, Advertising, Media, and Information",8408.0,0.226719098616131,19.8607959091148,20.6565186790867,1.6515312264731463,6.980911806458878
7463,2023,Q2,Detroit,O,"Technology, Advertising, Media, and Information",2134.0,0.226861687479324,19.3777056036253,20.4903746277339,-2.43238139951778,0.06289230332308104
8277,2023,Q4,Detroit,O,"Technology, Advertising, Media, and Information",2517.0,0.23198348568892,20.1755956162264,20.8990472487736,4.1175670067555625,2.2576743858800707
8643,2024,Q1,Detroit,O,"Technology, Advertising, Media, and Information",21943.0,0.239859266381403,19.8936581316529,21.8757664459652,-1.3974183956519726,3.3949747194695234
9042,2024,Q2,Detroit,O,"Technology, Advertising, Media, and Information",12600.0,0.242221876664433,19.9356203152231,21.8355579030725,0.21093246547470024,0.984998544635407
9922,2024,Q4,Detroit,O,"Technology, Advertising, Media, and Information",5000.0,0.235,20.0,21.58,0.322937956075231,-2.981512968144495
454,2018,Q2,Houston,O,"Technology, Advertising, Media, and Information",1347.0,0.255642865581776,20.5381144012492,28.5165015124504,,0.0
777,2018,Q3,Houston,O,"Technology, Advertising, Media, and Information",638.0,0.245938350527995,20.6684464533536,28.5122604771179,0.6345862602482821,-3.796121996870938
1459,2019,Q1,Houston,O,"Technology, Advertising, Media, and Information",10943.0,0.242334650186744,20.3900726402736,28.8604441391147,-1.346854073954018,-1.4652860497414766
1833,2019,Q2,Houston,O,"Technology, Advertising, Media, and Information",10306.6,0.242090285900575,20.634460543688,28.435689063275,1.1985631818284714,-0.10083753436856968
2577,2019,Q4,Houston,O,"Technology, Advertising, Media, and Information",59797.0,0.235110164767356,21.0931609576119,29.2384236675116,2.2229823404044113,-2.883271878197413
2933,2020,Q1,Houston,O,"Technology, Advertising, Media, and Information",487.0,0.241410408216525,21.8395157382396,29.1749350995026,3.5383733245460514,2.679698453447643
3277,2020,Q2,Houston,O,"Technology, Advertising, Media, and Information",17650.5,0.252002540962061,21.6842762826681,28.8989416328022,-0.7108191291058996,4.387604007543744
3606,2020,Q3,Houston,O,"Technology, Advertising, Media, and Information",38600.0,0.261535220724632,21.7478738201067,29.1156729920374,0.29328872501699355,3.782771287217357
3920,2020,Q4,Houston,O,"Technology, Advertising, Media, and Information",11152.0,0.268755928000292,21.7732940882787,29.0837645537837,0.11688622245222824,2.760892875404597
4242,2021,Q1,Houston,O,"Technology, Advertising, Media, and Information",19919.666666666668,0.270912658317326,21.406373057751,28.8142480740626,-1.6851884195383415,0.8024866030235556
5287,2021,Q4,Houston,O,"Technology, Advertising, Media, and Information",11345.0,0.274094831813646,21.3194816657476,29.1600387924989,-0.4059136583716594,1.1746123330245606
5999,2022,Q2,Houston,O,"Technology, Advertising, Media, and Information",5636.0,0.256840001756998,21.7163647504185,29.2286559811626,1.8615981893619127,-6.295204452588655
6730,2022,Q4,Houston,O,"Technology, Advertising, Media, and Information",42627.0,0.26512201693187,21.4230413650316,29.411412137379,-1.350702056987907,3.224581497514456
7481,2023,Q2,Houston,O,"Technology, Advertising, Media, and Information",20001.0,0.246413023341227,22.3133306054809,31.0702498060605,4.155755596413591,-7.056748363320864
8288,2023,Q4,Houston,O,"Technology, Advertising, Media, and Information",3324.0,0.252942733010479,23.035796443431,31.4021498753014,3.2378215996702764,2.649904449331708
8655,2024,Q1,Houston,O,"Technology, Advertising, Media, and Information",15329.0,0.254143854300933,22.8991757679622,31.4601688649923,-0.5930798867940235,0.47485898335899446
9493,2024,Q3,Houston,O,"Technology, Advertising, Media, and Information",4337.0,0.251594059961288,22.7763396925947,31.770696399902,-0.5364213830759579,-1.0032878216389207
9941,2024,Q4,Houston,O,"Technology, Advertising, Media, and Information",94179.0,0.246,22.73,31.44,-0.2034553981022924,-2.2234467547241454
144,2018,Q1,Los Angeles,O,"Technology, Advertising, Media, and Information",25160.5,0.207131320716583,31.902391809038,36.9589964321819,,0.0
469,2018,Q2,Los Angeles,O,"Technology, Advertising, Media, and Information",25999.0,0.166630588053585,31.8206520058974,36.5813015155726,-0.25621841656850997,-19.553166813634625
793,2018,Q3,Los Angeles,O,"Technology, Advertising, Media, and Information",15402.0,0.18926675309891502,35.1455829037211,39.4800003545481,10.448971621346658,13.584639716959224
1124,2018,Q4,Los Angeles,O,"Technology, Advertising, Media, and Information",21791.0,0.196720001658104,32.667620548966,38.758575652246,-7.050565533493369,3.937959751068232
1473,2019,Q1,Los Angeles,O,"Technology, Advertising, Media, and Information",38090.666666666664,0.18971572318654903,34.6111886611997,38.9477653021092,5.94952457379152,-3.5605319299093385
1847,2019,Q2,Los Angeles,O,"Technology, Advertising, Media, and Information",65765.42857142857,0.187239412791712,34.9867487903544,40.8777631184886,1.085083014140209,-1.3052742035524645
2593,2019,Q4,Los Angeles,O,"Technology, Advertising, Media, and Information",73869.0,0.186247303163317,36.7487130791243,42.1466819854416,5.03609037618169,-0.5298615358822034
2952,2020,Q1,Los Angeles,O,"Technology, Advertising, Media, and Information",21995.0,0.184995095350396,39.0762472079257,43.9092604025649,6.3336479941214385,-0.6723360777057708
3287,2020,Q2,Los Angeles,O,"Technology, Advertising, Media, and Information",19525.0,0.189306093054411,38.9544298463889,43.6714950802595,-0.3117427343741763,2.3303308100410147
3620,2020,Q3,Los Angeles,O,"Technology, Advertising, Media, and Information",66712.0,0.209569133758781,38.1923041704269,44.0772457530267,-1.9564544493843927,10.703850244559177
3933,2020,Q4,Los Angeles,O,"Technology, Advertising, Media, and Information",53896.666666666664,0.22396051788872598,38.3798838377546,45.0200092033628,0.4911451964004332,6.867129653983195
4255,2021,Q1,Los Angeles,O,"Technology, Advertising, Media, and Information",26835.0,0.240178951107117,40.479796338354,46.0618127276129,5.4713883696899,7.241648381278121
4582,2021,Q2,Los Angeles,O,"Technology, Advertising, Media, and Information",27669.0,0.234535676884163,40.6230218375086,45.9406482327203,0.35381971282029134,-2.349612319040062
4932,2021,Q3,Los Angeles,O,"Technology, Advertising, Media, and Information",40525.77777777778,0.22920929659618702,39.8465185900012,46.3892091138824,-1.9114856856621842,-2.271032006190965
5303,2021,Q4,Los Angeles,O,"Technology, Advertising, Media, and Information",26785.5,0.227532097215768,40.2671589450123,46.5839749011207,1.0556514593890842,-0.7317327025237796
5666,2022,Q1,Los Angeles,O,"Technology, Advertising, Media, and Information",44349.0,0.233148422303384,40.5758464082294,46.5629131384792,0.7665985664363273,2.468366070695538
6012,2022,Q2,Los Angeles,O,"Technology, Advertising, Media, and Information",15186.333333333334,0.238016458366762,41.073205817449,46.4219194423307,1.225752395195201,2.08795582457062
6381,2022,Q3,Los Angeles,O,"Technology, Advertising, Media, and Information",7210.0,0.242268672916564,40.9361359791275,46.3229287014452,-0.33372081772898854,1.786521225876636
6747,2022,Q4,Los Angeles,O,"Technology, Advertising, Media, and Information",37125.75,0.2452548044934,40.8634464307864,46.1760560380801,-0.17756817198908426,1.2325702456232879
7500,2023,Q2,Los Angeles,O,"Technology, Advertising, Media, and Information",67172.0,0.254886733959684,40.8538381463827,46.0468335607182,-0.02351315232299589,3.927315302213863
7897,2023,Q3,Los Angeles,O,"Technology, Advertising, Media, and Information",20492.0,0.24428629947836,41.1159629967513,46.3209688114324,0.6416162159094796,-4.158880423726041
8304,2023,Q4,Los Angeles,O,"Technology, Advertising, Media, and Information",18310.5,0.253088857765985,41.4342507695972,47.1982624947005,0.7741221405200838,3.6033778015474693
8668,2024,Q1,Los Angeles,O,"Technology, Advertising, Media, and Information",69163.33333333333,0.255002298521744,41.8944878180725,47.2389931692629,1.1107647415529165,0.7560351619778638
9078,2024,Q2,Los Angeles,O,"Technology, Advertising, Media, and Information",9655.0,0.247710491537363,41.1858725402631,46.8385278909253,-1.6914284306006389,-2.8595063756883143
9516,2024,Q3,Los Angeles,O,"Technology, Advertising, Media, and Information",26349.5,0.260521038724082,41.1596724093086,46.8546568289022,-0.06361436419463073,5.17158038289498
9962,2024,Q4,Los Angeles,O,"Technology, Advertising, Media, and Information",25670.0,0.255,41.02,47.41,-0.3393428594854586,-2.1192295068074407
170,2018,Q1,Manhattan,O,"Technology, Advertising, Media, and Information",32088.333333333332,0.102063770373868,61.391797776729,73.7398641513934,,0.0
494,2018,Q2,Manhattan,O,"Technology, Advertising, Media, and Information",47966.045454545456,0.103851227824065,62.17511996807511,73.9042202835504,1.2759394898238963,1.7513143436200584
820,2018,Q3,Manhattan,O,"Technology, Advertising, Media, and Information",18651.043478260868,0.10073269344831601,61.99008265474709,74.6320855266435,-0.29760668483314046,-3.002886379958958
1150,2018,Q4,Manhattan,O,"Technology, Advertising, Media, and Information",60820.25,0.0948296309792443,61.4446490070472,77.408112510696,-0.8798724317528039,-5.860125711917408
1497,2019,Q1,Manhattan,O,"Technology, Advertising, Media, and Information",17922.136363636364,0.095330215369869,61.4932209645596,77.8064325505542,0.0790499389244248,0.527877611096339
1871,2019,Q2,Manhattan,O,"Technology, Advertising, Media, and Information",15624.307692307691,0.0908137242525633,61.4046508004938,80.4832380705748,-0.1440324033714968,-4.7377330469487555
2249,2019,Q3,Manhattan,O,"Technology, Advertising, Media, and Information",22709.3125,0.0909548317895708,62.309874790967,83.9109294521542,1.4741945091656161,0.1553812908443808
2618,2019,Q4,Manhattan,O,"Technology, Advertising, Media, and Information",21603.666666666668,0.0986818981913709,63.65884644655759,84.7466627584618,2.164940404897342,8.49549853456615
2977,2020,Q1,Manhattan,O,"Technology, Advertising, Media, and Information",27237.444444444445,0.103608798563215,64.4722247502296,83.8847548747138,1.2777144875769197,4.992709364274206
3308,2020,Q2,Manhattan,O,"Technology, Advertising, Media, and Information",20867.555555555555,0.105836774533315,63.9079993616965,82.8137630204747,-0.8751449026599523,2.1503733283236848
3638,2020,Q3,Manhattan,O,"Technology, Advertising, Media, and Information",19189.2,0.127373381155869,62.3102959664356,80.2506402610329,-2.5000053377018716,20.348887914922955
3957,2020,Q4,Manhattan,O,"Technology, Advertising, Media, and Information",15068.333333333334,0.150465514406215,61.118517345285994,77.6020269609933,-1.9126511961868653,18.129481247017985
4280,2021,Q1,Manhattan,O,"Technology, Advertising, Media, and Information",17460.333333333332,0.17367430332327097,60.0333504127114,76.2601288389639,-1.7755125282964523,15.424656612277744
4612,2021,Q2,Manhattan,O,"Technology, Advertising, Media, and Information",16485.333333333332,0.186347829793064,60.6005680765877,75.5608003900487,0.9448375943985177,7.297295125003611
4960,2021,Q3,Manhattan,O,"Technology, Advertising, Media, and Information",57099.642857142855,0.18481164045523,60.4483399844289,75.0503853127382,-0.25119911741819934,-0.8243666371322456
5335,2021,Q4,Manhattan,O,"Technology, Advertising, Media, and Information",26497.14285714286,0.182302732589714,60.8019023440822,75.99868168773271,0.5849000315713893,-1.3575486150850802
5697,2022,Q1,Manhattan,O,"Technology, Advertising, Media, and Information",21616.545454545456,0.183341356276328,61.1159537790425,77.3074068900334,0.516515804362605,0.5697246946657186
6043,2022,Q2,Manhattan,O,"Technology, Advertising, Media, and Information",11490.529411764706,0.179371776416858,62.054607912315106,77.1341939388387,1.5358577838222143,-2.1651306285130456
6409,2022,Q3,Manhattan,O,"Technology, Advertising, Media, and Information",21344.882352941175,0.181429692354475,62.3167018882918,75.8876773567012,0.4223602159360018,1.1472908273118865
6776,2022,Q4,Manhattan,O,"Technology, Advertising, Media, and Information",22237.565217391304,0.188072475581214,62.310122611437,77.0401369185529,-0.01055780658385519,3.6613539606077383
7147,2023,Q1,Manhattan,O,"Technology, Advertising, Media, and Information",33726.75,0.196796255164062,62.6127354914247,77.08200750379,0.48565604961938735,4.63852010023702
7532,2023,Q2,Manhattan,O,"Technology, Advertising, Media, and Information",20346.619047619046,0.196457324593573,62.788672999880795,77.6167126379485,0.2809931670852972,-0.1722240955278509
7926,2023,Q3,Manhattan,O,"Technology, Advertising, Media, and Information",16642.0,0.197121581684448,62.6554634514616,77.5326379618484,-0.21215538098638964,0.3381177526718293
8332,2023,Q4,Manhattan,O,"Technology, Advertising, Media, and Information",25153.63157894737,0.196980670399163,62.599154455618205,75.9978739527588,-0.08987084723587335,-0.07148445344282717
8695,2024,Q1,Manhattan,O,"Technology, Advertising, Media, and Information",10784.545454545454,0.197558291272511,62.598998333484595,76.2812294221735,-0.0002493997482311272,0.2932373375405417
9107,2024,Q2,Manhattan,O,"Technology, Advertising, Media, and Information",13680.875,0.201120351172142,62.0443224895677,76.6259509200918,-0.8860778266162717,1.8030424725214322
9547,2024,Q3,Manhattan,O,"Technology, Advertising, Media, and Information",24877.222222222223,0.201250286956261,61.653042556070005,75.9093678931504,-0.6306458315561203,0.064605985103805
9995,2024,Q4,Manhattan,O,"Technology, Advertising, Media, and Information",15803.473684210527,0.194882949986864,61.3005107648223,75.0925339814639,-0.571799503531556,-3.1638896349901025
7538,2023,Q2,Nashville,O,"Technology, Advertising, Media, and Information",1000.0,0.17145218752554,28.7468738892734,31.6119208165302,,0.0
7935,2023,Q3,Nashville,O,"Technology, Advertising, Media, and Information",13614.0,0.164753430775794,28.5824155835662,31.7898109123203,-0.5720910953332048,-3.907069863864032
9120,2024,Q2,Nashville,O,"Technology, Advertising, Media, and Information",25338.0,0.165835917890832,29.6941622069764,34.4029769124653,3.889617447342042,0.6570346425812001
2270,2019,Q3,Northern New Jersey,O,"Technology, Advertising, Media, and Information",20669.5,0.165355957472112,23.9935578866497,29.2281872697939,,0.0
2995,2020,Q1,Northern New Jersey,O,"Technology, Advertising, Media, and Information",66413.0,0.19178093662082,23.640446267325,29.1007974459663,-1.4716934478532506,15.98066350476952
3657,2020,Q3,Northern New Jersey,O,"Technology, Advertising, Media, and Information",37330.5,0.195670549417579,23.6999062832444,28.9147826143143,0.25151816191211207,2.0281540309970314
4298,2021,Q1,Northern New Jersey,O,"Technology, Advertising, Media, and Information",45853.0,0.195199299692995,24.0937926924801,29.1090074818033,1.6619745433937627,-0.24083835098674955
5719,2022,Q1,Northern New Jersey,O,"Technology, Advertising, Media, and Information",24053.0,0.165999594674827,25.4157623322331,29.6229795134225,5.486764398722488,-14.95891894289202
6437,2022,Q3,Northern New Jersey,O,"Technology, Advertising, Media, and Information",6098.0,0.151121847364451,24.9139356542901,30.6611420784395,-1.9744702967518957,-8.96252026369082
6799,2022,Q4,Northern New Jersey,O,"Technology, Advertising, Media, and Information",11544.0,0.15649001317938,25.0530616345732,31.469989104126,0.5584263450529647,3.5522102915953147
7166,2023,Q1,Northern New Jersey,O,"Technology, Advertising, Media, and Information",27576.333333333332,0.152231111226117,24.1123620442891,31.537083533737,-3.7548288668477037,-2.7215167707738352
7554,2023,Q2,Northern New Jersey,O,"Technology, Advertising, Media, and Information",17500.0,0.16102435857563,23.9966413721914,31.6148743551611,-0.47992258860888315,5.77624854649581
7953,2023,Q3,Northern New Jersey,O,"Technology, Advertising, Media, and Information",14000.0,0.158105121598516,24.123790663974,31.7343412819611,0.5298628662673721,-1.8129163829228245
9579,2024,Q3,Northern New Jersey,O,"Technology, Advertising, Media, and Information",109280.66666666667,0.162351568243204,24.590584586799,31.357191562086,1.934994086655295,2.6858374996043377
10027,2024,Q4,Northern New Jersey,O,"Technology, Advertising, Media, and Information",10013.0,0.145,24.89,31.68,1.2176018514083564,-10.687650529627902
197,2018,Q1,Northern Virginia,O,"Technology, Advertising, Media, and Information",8441.0,0.221020350573988,28.9739340671193,31.8378869259619,,0.0
528,2018,Q2,Northern Virginia,O,"Technology, Advertising, Media, and Information",47524.0,0.220118810738755,28.7155514061252,32.3010111130319,-0.8917762441080446,-0.40789901603708323
1183,2018,Q4,Northern Virginia,O,"Technology, Advertising, Media, and Information",33419.666666666664,0.20656450553234804,28.9209729459548,32.6030846355442,0.7153668648890443,-6.157722350450867
1533,2019,Q1,Northern Virginia,O,"Technology, Advertising, Media, and Information",51754.333333333336,0.200636443794982,29.2495597268895,33.1982717092558,1.1361539653203856,-2.8698356099894906
1912,2019,Q2,Northern Virginia,O,"Technology, Advertising, Media, and Information",77567.75,0.1902563490358,29.2051328314762,34.0640594340501,-0.15188910817163226,-5.173583902727453
2654,2019,Q4,Northern Virginia,O,"Technology, Advertising, Media, and Information",19029.0,0.179178823674003,30.6633445341479,35.1689766095543,4.992998015403982,-5.822420864237521
3014,2020,Q1,Northern Virginia,O,"Technology, Advertising, Media, and Information",118462.33333333333,0.181476641456464,30.9485294287622,35.121614996529,0.9300514961657402,1.2824159324997142
3340,2020,Q2,Northern Virginia,O,"Technology, Advertising, Media, and Information",8367.5,0.18509507922805,30.9664346493755,34.9968262999559,0.05785483492686261,1.9938862338126695
3675,2020,Q3,Northern Virginia,O,"Technology, Advertising, Media, and Information",10030.25,0.194758991230111,30.8981485174169,35.0151301208127,-0.2205166101031164,5.221052900144585
3993,2020,Q4,Northern Virginia,O,"Technology, Advertising, Media, and Information",20766.0,0.19571358018239296,30.8441819535504,35.0190030424218,-0.17465953934450162,0.4901385790985646
4314,2021,Q1,Northern Virginia,O,"Technology, Advertising, Media, and Information",13212.666666666666,0.201913442122116,30.8551179337065,34.7472340390323,0.035455568808950844,3.1678240896442444
4648,2021,Q2,Northern Virginia,O,"Technology, Advertising, Media, and Information",11809.857142857143,0.208211248329249,30.868054181919,34.5833934839597,0.04192577788972862,3.119062376899162
4995,2021,Q3,Northern Virginia,O,"Technology, Advertising, Media, and Information",4003.0,0.208811956221883,30.8812474383407,34.8364159580215,0.042740810107266825,0.28850885696822814
5370,2021,Q4,Northern Virginia,O,"Technology, Advertising, Media, and Information",22414.0,0.206950205509382,31.3657633973779,35.2510958741322,1.5689649843472653,-0.8915920075585615
5737,2022,Q1,Northern Virginia,O,"Technology, Advertising, Media, and Information",18639.0,0.209289400598193,31.4729100822921,35.3003835228305,0.3416039442647678,1.1303178380777101
6461,2022,Q3,Northern Virginia,O,"Technology, Advertising, Media, and Information",28436.333333333332,0.20082778867944504,31.8634911123943,35.4050451973374,1.2410070409153429,-4.043019806336545
6816,2022,Q4,Northern Virginia,O,"Technology, Advertising, Media, and Information",8983.0,0.203715910396418,32.278844518446,35.3467778921222,1.303540169489259,1.4381086083574246
7181,2023,Q1,Northern Virginia,O,"Technology, Advertising, Media, and Information",54803.0,0.20889226220409,32.4310545391619,35.3867098766209,0.4715473028438666,2.540965895888614
7573,2023,Q2,Northern Virginia,O,"Technology, Advertising, Media, and Information",21250.0,0.214880671157361,32.2021095966921,35.5277438693161,-0.705943564657574,2.866745225546108
7971,2023,Q3,Northern Virginia,O,"Technology, Advertising, Media, and Information",14100.0,0.212383402647103,32.1896470294988,35.3449370332175,-0.03870108930558169,-1.1621652598195809
8371,2023,Q4,Northern Virginia,O,"Technology, Advertising, Media, and Information",174000.0,0.211930907249997,32.2535418350862,35.2786301298159,0.19849489349432758,-0.21305591278141245
8739,2024,Q1,Northern Virginia,O,"Technology, Advertising, Media, and Information",13478.0,0.201810552341869,32.4297901855154,35.2950018192306,0.5464464998305107,-4.775308632161835
9158,2024,Q2,Northern Virginia,O,"Technology, Advertising, Media, and Information",10807.0,0.1960936974579,32.425136381763,35.2572608740939,-0.014350397353124489,-2.8327829331166954
9599,2024,Q3,Northern Virginia,O,"Technology, Advertising, Media, and Information",128757.0,0.198809500639672,32.335636202399,35.4774200018329,-0.2760209804833158,1.3849517944629852
218,2018,Q1,Philadelphia,O,"Technology, Advertising, Media, and Information",24112.0,0.183175835176032,22.9651678923282,25.8579951214435,,0.0
2322,2019,Q3,Philadelphia,O,"Technology, Advertising, Media, and Information",22730.0,0.1720669902228,26.3469945066332,28.6856526054534,14.725895452454951,-6.064579939027659
2678,2019,Q4,Philadelphia,O,"Technology, Advertising, Media, and Information",19820.5,0.173310401501143,26.6123043109094,28.9592685336788,1.0069831843985355,0.7226320845927336
3045,2020,Q1,Philadelphia,O,"Technology, Advertising, Media, and Information",25492.666666666668,0.180232769454966,25.6251928566284,28.7381247550145,-3.709229545659254,3.994202248603851
3365,2020,Q2,Philadelphia,O,"Technology, Advertising, Media, and Information",42769.5,0.17547602173353,25.5631673153747,28.770041532523,-0.2420490710088652,-2.6392246736376967
3698,2020,Q3,Philadelphia,O,"Technology, Advertising, Media, and Information",11500.0,0.181681855051619,25.8766392603707,28.8953204131847,1.2262641054164858,3.536570556353791
4015,2020,Q4,Philadelphia,O,"Technology, Advertising, Media, and Information",10883.666666666666,0.19275367155631998,26.1223113437446,28.9079916345369,0.949397179834488,6.094068393101382
4670,2021,Q2,Philadelphia,O,"Technology, Advertising, Media, and Information",2662.0,0.203137357084419,26.1581997144702,29.4107175086059,0.13738589305265503,5.387023471075647
5027,2021,Q3,Philadelphia,O,"Technology, Advertising, Media, and Information",3738.0,0.199212639159655,26.3814139861675,29.690964219569,0.8533242888799641,-1.9320512883964303
5401,2021,Q4,Philadelphia,O,"Technology, Advertising, Media, and Information",18837.5,0.202012196823774,26.5491325364049,29.4156086763444,0.6357451133033987,1.4053112673615864
6838,2022,Q4,Philadelphia,O,"Technology, Advertising, Media, and Information",2045.0,0.203098628544145,27.5455004493098,31.5758965638508,3.752920783903768,0.5378050124957401
7212,2023,Q1,Philadelphia,O,"Technology, Advertising, Media, and Information",20252.0,0.214927247060177,27.261226023563,31.4809770563001,-1.032017647564365,5.824076017067226
7994,2023,Q3,Philadelphia,O,"Technology, Advertising, Media, and Information",55000.0,0.21111005984543,26.8202820609168,31.2709317271907,-1.6174766397706208,-1.7760368994435782
8764,2024,Q1,Philadelphia,O,"Technology, Advertising, Media, and Information",40600.0,0.219643523067243,27.1476996261916,31.5945085680491,1.2207834523557226,4.042186918075341
9185,2024,Q2,Philadelphia,O,"Technology, Advertising, Media, and Information",15686.5,0.217638054432904,28.3854169905413,32.1924140675547,4.559197948232696,-0.9130561221807776
10065,2024,Q4,Philadelphia,O,"Technology, Advertising, Media, and Information",45087.0,0.211,28.27,32.28,-0.406606640937357,-3.0500430865368022
1211,2018,Q4,Phoenix,O,"Technology, Advertising, Media, and Information",51270.0,0.192444957953107,24.1160768984138,27.361707772669,,0.0
1567,2019,Q1,Phoenix,O,"Technology, Advertising, Media, and Information",38029.0,0.196913625917886,23.7183290836737,27.1450678845661,-1.6493056329832,2.3220499057542865
1956,2019,Q2,Phoenix,O,"Technology, Advertising, Media, and Information",31609.0,0.185724378515219,24.0421349396078,27.3955181293774,1.3652136067080045,-5.682312410078194
2331,2019,Q3,Phoenix,O,"Technology, Advertising, Media, and Information",25564.25,0.194680361978407,24.5539375735517,27.8641433707097,2.1287736518804,4.822190567973328
2689,2019,Q4,Phoenix,O,"Technology, Advertising, Media, and Information",8513.0,0.190227214384039,24.498675844971,27.7364464112614,-0.2250625929758221,-2.2874148933737404
3058,2020,Q1,Phoenix,O,"Technology, Advertising, Media, and Information",26078.25,0.183688876777976,24.5130733864646,27.7883279263518,0.05876865176186463,-3.4371199868716618
3709,2020,Q3,Phoenix,O,"Technology, Advertising, Media, and Information",10973.0,0.199712081372482,24.9072583902467,28.283342713447,1.6080603095642632,8.72301299652085
5041,2021,Q3,Phoenix,O,"Technology, Advertising, Media, and Information",21837.0,0.217486773593597,24.7422671181642,28.0019403092692,-0.6624224533162915,8.90015871797134
5776,2022,Q1,Phoenix,O,"Technology, Advertising, Media, and Information",116787.66666666667,0.22381561670348002,24.8305333447133,28.266690008175,0.3567426789451211,2.9099898836649762
6118,2022,Q2,Phoenix,O,"Technology, Advertising, Media, and Information",40506.0,0.21537420004207,25.2159072234072,28.3163400428593,1.552016113967003,-3.771594129909861
6851,2022,Q4,Phoenix,O,"Technology, Advertising, Media, and Information",11378.0,0.222430189699188,25.7446034876298,28.9456594509583,2.0966775438157725,3.2761536227364996
8014,2023,Q3,Phoenix,O,"Technology, Advertising, Media, and Information",27647.0,0.214821119561532,26.5873813564763,29.6684692759077,3.2736098237110323,-3.4208801188123084
8416,2023,Q4,Phoenix,O,"Technology, Advertising, Media, and Information",15971.0,0.214091822638008,26.6324382894791,30.343167873724,0.169467358965103,-0.3394903280518058
3070,2020,Q1,Salt Lake City,O,"Technology, Advertising, Media, and Information",900.0,0.0922440857491926,21.8481664389111,25.1097801076271,,0.0
5792,2022,Q1,Salt Lake City,O,"Technology, Advertising, Media, and Information",22293.0,0.142719367990357,23.1918934647063,25.4110468796593,6.150296545718592,54.719261220068205
6137,2022,Q2,Salt Lake City,O,"Technology, Advertising, Media, and Information",68559.0,0.146315006410501,23.2461773330084,27.1013353059056,0.23406397750451724,2.5193766415690266
6519,2022,Q3,Salt Lake City,O,"Technology, Advertising, Media, and Information",30454.0,0.153337687604623,23.2721534719703,26.5998640722383,0.11174370129669597,4.799699884794584
6868,2022,Q4,Salt Lake City,O,"Technology, Advertising, Media, and Information",9827.0,0.153822921094452,23.4158284620551,26.436707578258,0.6173686945552648,0.31644763750460214
7630,2023,Q2,Salt Lake City,O,"Technology, Advertising, Media, and Information",20295.5,0.157638207351488,24.5326043768262,27.0967418470392,4.769320532821686,2.4803106259393637
9660,2024,Q3,Salt Lake City,O,"Technology, Advertising, Media, and Information",9321.5,0.196428331922134,24.0896859539306,27.3415666720641,-1.8054276508611689,24.607057655860753
242,2018,Q1,San Diego,O,"Technology, Advertising, Media, and Information",29500.666666666668,0.138934788459822,28.3396435701887,32.6194613367055,,0.0
2353,2019,Q3,San Diego,O,"Technology, Advertising, Media, and Information",12424.333333333334,0.166525309359327,32.041221078153,35.8430374440068,13.061482226467035,19.85861223482108
2712,2019,Q4,San Diego,O,"Technology, Advertising, Media, and Information",10314.666666666666,0.159979365607539,32.8623292255891,36.5876164960694,2.562661845606007,-3.9309002198958276
3084,2020,Q1,San Diego,O,"Technology, Advertising, Media, and Information",29430.0,0.158800551724639,34.3440801794046,38.3595856210645,4.508965093873196,-0.7368537051158586
3395,2020,Q2,San Diego,O,"Technology, Advertising, Media, and Information",24458.5,0.168018660615285,33.8003433052534,37.8098308465763,-1.5832040669333969,5.804834297194539
4045,2020,Q4,San Diego,O,"Technology, Advertising, Media, and Information",24092.0,0.188388035020914,33.5597709177614,37.5343638080116,-0.7117453965463483,12.123281027855048
4372,2021,Q1,San Diego,O,"Technology, Advertising, Media, and Information",22264.0,0.188248002738845,33.3782188677676,37.8922497584037,-0.5409811957259536,-0.07433183431923007
4704,2021,Q2,San Diego,O,"Technology, Advertising, Media, and Information",25077.5,0.195309564358654,32.8436363571791,37.4376610620557,-1.6015908838824533,3.7512013498519847
5066,2021,Q3,San Diego,O,"Technology, Advertising, Media, and Information",28249.333333333332,0.180936074268358,32.6716383856737,37.3198304132698,-0.5236873579858692,-7.359337540634425
6528,2022,Q3,San Diego,O,"Technology, Advertising, Media, and Information",50030.0,0.162278323761798,32.5825223772329,38.6687115279148,-0.2727625942379408,-10.31179137825633
7642,2023,Q2,San Diego,O,"Technology, Advertising, Media, and Information",3497.0,0.172949622577987,33.2398200623328,38.9183981765249,2.0173321067345817,6.575923739422507
8043,2023,Q3,San Diego,O,"Technology, Advertising, Media, and Information",37943.5,0.171336194864475,33.6423578624757,39.4578671956104,1.211010767772036,-0.9328888317084782
8448,2023,Q4,San Diego,O,"Technology, Advertising, Media, and Information",31788.0,0.174131221124986,33.92180749841,39.6059499707301,0.8306481878489036,1.6313110389324592
8803,2024,Q1,San Diego,O,"Technology, Advertising, Media, and Information",63001.5,0.168380046775324,33.7972971554254,41.1624683273728,-0.36705102754455154,-3.3027818403306153
9231,2024,Q2,San Diego,O,"Technology, Advertising, Media, and Information",284.0,0.156232118009265,33.8715905080621,41.4691127669684,0.21982039656911478,-7.214589257282034
9674,2024,Q3,San Diego,O,"Technology, Advertising, Media, and Information",3381.0,0.166405908298508,33.6618772491387,41.9038540806826,-0.619142047296195,6.511971045953335
10108,2024,Q4,San Diego,O,"Technology, Advertising, Media, and Information",47000.0,0.159,33.81,42.57,0.4400311657160927,-4.450508022361122
257,2018,Q1,San Francisco,O,"Technology, Advertising, Media, and Information",28604.285714285714,0.108499148231567,64.5789197209575,67.0997658941117,,0.0
599,2018,Q2,San Francisco,O,"Technology, Advertising, Media, and Information",182054.0,0.104236346216675,63.502129347088,66.5293843664807,-1.6674022707754532,-3.928880626596265
907,2018,Q3,San Francisco,O,"Technology, Advertising, Media, and Information",65299.5,0.0941331594772169,66.4338005327536,70.5694017665314,4.6166502065493775,-9.692575676488813
1238,2018,Q4,San Francisco,O,"Technology, Advertising, Media, and Information",137324.66666666666,0.0727576779700812,66.344302820608,72.7516596800746,-0.13471713409121122,-22.70770642975095
2001,2019,Q2,San Francisco,O,"Technology, Advertising, Media, and Information",79446.0,0.0779763839259125,71.2424619735722,79.2475359288311,7.382938616762025,7.172721974411123
2365,2019,Q3,San Francisco,O,"Technology, Advertising, Media, and Information",71008.0,0.0905973117757653,71.9511564620508,80.2337113175211,0.9947641741262281,16.185577240724957
2717,2019,Q4,San Francisco,O,"Technology, Advertising, Media, and Information",52068.5,0.118428646932584,74.4974720865328,81.0673170086672,3.5389502402577655,30.719824475259493
3091,2020,Q1,San Francisco,O,"Technology, Advertising, Media, and Information",17929.333333333332,0.127864739150385,76.2088872951134,82.4746721166248,2.297279572913169,7.967744681886413
3402,2020,Q2,San Francisco,O,"Technology, Advertising, Media, and Information",46906.0,0.175207631010349,74.2442263020207,78.4887168478797,-2.577994592001698,37.025760326529756
3740,2020,Q3,San Francisco,O,"Technology, Advertising, Media, and Information",96960.0,0.220018611885367,71.590517868839,75.3841578792156,-3.5742960299520066,25.57592989335673
4713,2021,Q2,San Francisco,O,"Technology, Advertising, Media, and Information",62134.5,0.298388429339562,67.6153927828353,72.0287576245713,-5.552586018844741,35.619630895147566
5072,2021,Q3,San Francisco,O,"Technology, Advertising, Media, and Information",46755.8,0.299181539898902,67.4970079792903,72.791528173564,-0.17508558136343222,0.2657980274554994
5438,2021,Q4,San Francisco,O,"Technology, Advertising, Media, and Information",48066.8,0.314086729436402,67.1305629244918,72.5402558288576,-0.5429056276256561,4.981988374863189
6152,2022,Q2,San Francisco,O,"Technology, Advertising, Media, and Information",66506.0,0.338894353070526,66.2975811344269,72.0404951674369,-1.2408383808755308,7.898335494351794
6884,2022,Q4,San Francisco,O,"Technology, Advertising, Media, and Information",81831.0,0.378045349194826,65.1658718815339,71.2315466958103,-1.707014394082218,11.55256668326734
7650,2023,Q2,San Francisco,O,"Technology, Advertising, Media, and Information",43866.666666666664,0.391226401195727,60.2951660441484,68.4507973781423,-7.474320064711226,3.4866324976552177
8050,2023,Q3,San Francisco,O,"Technology, Advertising, Media, and Information",36793.5,0.397989891218531,60.446217497258,69.1478522007201,0.25052000520073836,1.728791820319997
8455,2023,Q4,San Francisco,O,"Technology, Advertising, Media, and Information",41403.0,0.414976874966159,60.2256884422892,68.816585379108,-0.3648351610732403,4.268194776409695
8812,2024,Q1,San Francisco,O,"Technology, Advertising, Media, and Information",27290.666666666668,0.401785479495868,60.33674105858281,68.9759114655648,0.18439410020198999,-3.178826644585131
9243,2024,Q2,San Francisco,O,"Technology, Advertising, Media, and Information",133053.33333333334,0.386019535056562,58.676062157878,68.5585782246516,-2.7523510079744073,-3.9239706868172575
9680,2024,Q3,San Francisco,O,"Technology, Advertising, Media, and Information",21690.5,0.406941946282134,57.9138513964807,68.2170675700458,-1.2990148509735344,5.420039486474781
10126,2024,Q4,San Francisco,O,"Technology, Advertising, Media, and Information",60677.71428571428,0.406,56.71999999999999,67.84,-2.0614263560327806,-0.2314694493255609
270,2018,Q1,Seattle,O,"Technology, Advertising, Media, and Information",82677.0,0.139622134591244,28.0350819720424,32.1894025981061,,0.0
916,2018,Q3,Seattle,O,"Technology, Advertising, Media, and Information",28024.666666666668,0.145340222356699,28.5636011945024,36.3015860540125,1.8852066242825982,4.095402052257113
1251,2018,Q4,Seattle,O,"Technology, Advertising, Media, and Information",14889.5,0.1316851389309,28.5663505708425,37.718775402664,0.009625454162365266,-9.395254255416107
1613,2019,Q1,Seattle,O,"Technology, Advertising, Media, and Information",64253.5,0.134689265501939,28.7737332963285,37.8067896658961,0.7259685656090697,2.281295061408084
2014,2019,Q2,Seattle,O,"Technology, Advertising, Media, and Information",75000.0,0.12947412006975,28.7905230057204,37.9400043851624,0.058350820239372325,-3.8719829770798686
2380,2019,Q3,Seattle,O,"Technology, Advertising, Media, and Information",49395.0,0.133506691794498,29.2180843099385,38.4323643989859,1.4850765445738823,3.114577432598553
2726,2019,Q4,Seattle,O,"Technology, Advertising, Media, and Information",56410.0,0.128328324933218,29.8048353047195,38.7130354206787,2.008177499102559,-3.878732063296786
3105,2020,Q1,Seattle,O,"Technology, Advertising, Media, and Information",76115.0,0.129650130161874,30.2337601296743,39.578968364242,1.4391115420351985,1.0300182982547756
3414,2020,Q2,Seattle,O,"Technology, Advertising, Media, and Information",34986.75,0.135680676215436,30.4779862559155,39.7981697400498,0.8077927627714754,4.651399922262023
3746,2020,Q3,Seattle,O,"Technology, Advertising, Media, and Information",26073.0,0.146622213361795,30.6423704152068,37.9900038556417,0.539353741782711,8.064182351940708
4053,2020,Q4,Seattle,O,"Technology, Advertising, Media, and Information",39884.0,0.164991336192074,30.8910844808272,38.0655093665711,0.8116671858289903,12.528199110562198
5081,2021,Q3,Seattle,O,"Technology, Advertising, Media, and Information",32172.5,0.192192287543792,30.5344420736329,39.799836451968,-1.1545156577965177,16.486290722594134
5447,2021,Q4,Seattle,O,"Technology, Advertising, Media, and Information",40956.666666666664,0.196635959890627,31.2733741717832,39.7121910953395,2.4199954149101144,2.3120971208704155
5821,2022,Q1,Seattle,O,"Technology, Advertising, Media, and Information",35273.0,0.196776258244404,33.1579612000523,42.6927660465891,6.0261710742088415,0.07134928619112468
6164,2022,Q2,Seattle,O,"Technology, Advertising, Media, and Information",42965.0,0.196526621484134,32.3504399894171,42.2567656666501,-2.4353765473189792,-0.12686325194778414
6543,2022,Q3,Seattle,O,"Technology, Advertising, Media, and Information",85023.33333333333,0.197472664261321,33.138096331087,42.3072494594398,2.4347623770420768,0.4813814892062229
6899,2022,Q4,Seattle,O,"Technology, Advertising, Media, and Information",13199.333333333334,0.218405757825604,35.193852183635,44.3704259027019,6.203602741716607,10.60050191887909
7668,2023,Q2,Seattle,O,"Technology, Advertising, Media, and Information",36815.0,0.224745786989876,35.4320703257912,45.9467262148308,0.6768743043904957,2.9028672263001765
8064,2023,Q3,Seattle,O,"Technology, Advertising, Media, and Information",14222.0,0.22538251744274,34.6632064573555,46.4478154437292,-2.1699659697165363,0.2833114076984611
8825,2024,Q1,Seattle,O,"Technology, Advertising, Media, and Information",21255.0,0.249166746357134,35.6561645624939,46.258919549479,2.8645881515894533,10.5528277810796
9695,2024,Q3,Seattle,O,"Technology, Advertising, Media, and Information",26275.666666666668,0.249827617464542,35.5271752536807,44.27728958978529,-0.36175878812517714,0.2652324666393202
10137,2024,Q4,Seattle,O,"Technology, Advertising, Media, and Information",4553.0,0.241765873782268,35.78,45.2,0.711637625322048,-3.2269225332616447
291,2018,Q1,South Florida,O,"Technology, Advertising, Media, and Information",6042.5,0.153638673718938,27.755344208609,32.8268385375392,,0.0
628,2018,Q2,South Florida,O,"Technology, Advertising, Media, and Information",6339.0,0.157068520475721,28.9804475377944,33.4349320475774,4.413936717835432,2.232411067969431
1278,2018,Q4,South Florida,O,"Technology, Advertising, Media, and Information",12000.0,0.167109056236649,28.8353675020755,34.0042246658206,-0.5006135102975873,6.392455808788267
1637,2019,Q1,South Florida,O,"Technology, Advertising, Media, and Information",21441.0,0.162083224957878,28.9510718015147,33.9828125763414,0.40125827919783585,-3.007515805519101
2038,2019,Q2,South Florida,O,"Technology, Advertising, Media, and Information",71166.0,0.154458667800516,29.1722992286963,34.4676334392888,0.7641424424570831,-4.7041001061914
2405,2019,Q3,South Florida,O,"Technology, Advertising, Media, and Information",20000.0,0.156619498570465,29.2752525382509,36.0714364831451,0.35291462201005874,1.398970223373741
3437,2020,Q2,South Florida,O,"Technology, Advertising, Media, and Information",3468.0,0.156210011966669,29.9206854206267,37.0226513407334,2.204704746893227,-0.2614531444255386
3767,2020,Q3,South Florida,O,"Technology, Advertising, Media, and Information",21386.333333333332,0.161763083319134,30.281556395624296,37.1228091385756,1.2060919391533087,3.5548754414344907
5474,2021,Q4,South Florida,O,"Technology, Advertising, Media, and Information",7451.0,0.158143977626991,32.2543380862229,39.8062396098035,6.514796217289787,-2.2372877778318867
6187,2022,Q2,South Florida,O,"Technology, Advertising, Media, and Information",18392.0,0.172980488437092,32.4810828275823,40.4766511647573,0.7029899071351542,9.381647681263816
8087,2023,Q3,South Florida,O,"Technology, Advertising, Media, and Information",26780.0,0.16595750654705,35.4271191412671,42.9310336761999,9.070006469067238,-4.059985003797728
9734,2024,Q3,South Florida,O,"Technology, Advertising, Media, and Information",74494.0,0.169313146348254,36.2721833646185,45.6168749796374,2.3853597013679506,2.0219873575002545
10176,2024,Q4,South Florida,O,"Technology, Advertising, Media, and Information",5039.0,0.15,37.01,47.70000000000001,2.034111451093956,-11.406761237860119
315,2018,Q1,Tampa,O,"Technology, Advertising, Media, and Information",2632.0,0.170947168869375,20.0320407433743,22.9696082969937,,0.0
951,2018,Q3,Tampa,O,"Technology, Advertising, Media, and Information",23267.0,0.166020569237451,21.2075235907778,24.1469056423103,5.868013461345911,-2.8819428040300132
1299,2018,Q4,Tampa,O,"Technology, Advertising, Media, and Information",54988.0,0.161423529103701,21.2663125896643,24.160035619447,0.2772082211053739,-2.768958180823422
2772,2019,Q4,Tampa,O,"Technology, Advertising, Media, and Information",79680.0,0.160161184231124,22.2341384043768,26.4575817150023,4.55098085590484,-0.7820079759042198
3146,2020,Q1,Tampa,O,"Technology, Advertising, Media, and Information",19000.0,0.163839776945536,22.6408676557922,26.1017513588622,1.8293007087485602,2.2968066401803933
5120,2021,Q3,Tampa,O,"Technology, Advertising, Media, and Information",57681.333333333336,0.174861166642599,23.4726137760932,27.284874060669797,3.6736494950016407,6.726931580678808
5499,2021,Q4,Tampa,O,"Technology, Advertising, Media, and Information",13581.0,0.181287190098441,23.837975183033,27.4188657361542,1.5565433420623886,3.674928847395975
5860,2022,Q1,Tampa,O,"Technology, Advertising, Media, and Information",113000.0,0.189248082979716,24.116916246068,27.9584972535987,1.1701541800141824,4.391315722281397
6215,2022,Q2,Tampa,O,"Technology, Advertising, Media, and Information",18459.0,0.18028559286725,24.3898550786274,28.3094279947544,1.1317318921481023,-4.735841954830589
7720,2023,Q2,Tampa,O,"Technology, Advertising, Media, and Information",14708.0,0.179481130527227,24.5066695243085,28.4561131935347,0.47894686255625096,-0.4462155445861593
8115,2023,Q3,Tampa,O,"Technology, Advertising, Media, and Information",40063.5,0.165752051164846,25.0521312291305,28.5790884627785,2.225768394521932,-7.649316294170716
8868,2024,Q1,Tampa,O,"Technology, Advertising, Media, and Information",9675.0,0.163555415982537,25.1659865049339,29.0469371612175,0.454473412908718,-1.325253694824191
10199,2024,Q4,Tampa,O,"Technology, Advertising, Media, and Information",11372.5,0.168,25.6,29.46,1.7246035436799145,2.7174789601204896
